{
    "name": "root",
    "gauges": {
        "Marienoko.Policy.Entropy.mean": {
            "value": 3.056591033935547,
            "min": 3.054425001144409,
            "max": 3.058338165283203,
            "count": 3
        },
        "Marienoko.Policy.Entropy.sum": {
            "value": 6113.18212890625,
            "min": 3931.044921875,
            "max": 6116.67626953125,
            "count": 3
        },
        "Marienoko.Environment.EpisodeLength.mean": {
            "value": 0.0,
            "min": 0.0,
            "max": 0.0,
            "count": 3
        },
        "Marienoko.Environment.EpisodeLength.sum": {
            "value": 0.0,
            "min": 0.0,
            "max": 0.0,
            "count": 3
        },
        "Marienoko.Step.mean": {
            "value": 151999.0,
            "min": 147999.0,
            "max": 151999.0,
            "count": 3
        },
        "Marienoko.Step.sum": {
            "value": 151999.0,
            "min": 147999.0,
            "max": 151999.0,
            "count": 3
        },
        "Marienoko.Policy.ExtrinsicValueEstimate.mean": {
            "value": 6.651186466217041,
            "min": 6.636682987213135,
            "max": 6.730767726898193,
            "count": 3
        },
        "Marienoko.Policy.ExtrinsicValueEstimate.sum": {
            "value": 13302.373046875,
            "min": 8534.7744140625,
            "max": 13461.53515625,
            "count": 3
        },
        "Marienoko.Environment.CumulativeReward.mean": {
            "value": 6.673596702814102,
            "min": 6.648752549387989,
            "max": 6.7215966749191285,
            "count": 3
        },
        "Marienoko.Environment.CumulativeReward.sum": {
            "value": 13347.193405628204,
            "min": 8550.295778512955,
            "max": 13443.193349838257,
            "count": 3
        },
        "Marienoko.Policy.ExtrinsicReward.mean": {
            "value": 6.673596702814102,
            "min": 6.648752549387989,
            "max": 6.7215966749191285,
            "count": 3
        },
        "Marienoko.Policy.ExtrinsicReward.sum": {
            "value": 13347.193405628204,
            "min": 8550.295778512955,
            "max": 13443.193349838257,
            "count": 3
        },
        "Marienoko.Losses.PolicyLoss.mean": {
            "value": 0.1457481662760074,
            "min": 0.13237708328025682,
            "max": 0.1457481662760074,
            "count": 3
        },
        "Marienoko.Losses.PolicyLoss.sum": {
            "value": 1.1659853302080592,
            "min": 0.6831928229900465,
            "max": 1.1659853302080592,
            "count": 3
        },
        "Marienoko.Losses.ValueLoss.mean": {
            "value": 4.142783850741883,
            "min": 3.8658205384299866,
            "max": 4.286115861932437,
            "count": 3
        },
        "Marienoko.Losses.ValueLoss.sum": {
            "value": 33.14227080593506,
            "min": 21.430579309662185,
            "max": 33.14227080593506,
            "count": 3
        },
        "Marienoko.Policy.LearningRate.mean": {
            "value": 0.00029094279301906993,
            "min": 0.00029094279301906993,
            "max": 0.00029115096294967996,
            "count": 3
        },
        "Marienoko.Policy.LearningRate.sum": {
            "value": 0.0023275423441525595,
            "min": 0.0014557548147484,
            "max": 0.0023275423441525595,
            "count": 3
        },
        "Marienoko.Policy.Epsilon.mean": {
            "value": 0.19698093,
            "min": 0.19698093,
            "max": 0.19705032,
            "count": 3
        },
        "Marienoko.Policy.Epsilon.sum": {
            "value": 1.57584744,
            "min": 0.9852516,
            "max": 1.57584744,
            "count": 3
        },
        "Marienoko.Policy.Beta.mean": {
            "value": 0.0048493484069999995,
            "min": 0.0048493484069999995,
            "max": 0.004852810968,
            "count": 3
        },
        "Marienoko.Policy.Beta.sum": {
            "value": 0.038794787255999996,
            "min": 0.02426405484,
            "max": 0.038794787255999996,
            "count": 3
        },
        "Marienoko.IsTraining.mean": {
            "value": 1.0,
            "min": 1.0,
            "max": 1.0,
            "count": 3
        },
        "Marienoko.IsTraining.sum": {
            "value": 1.0,
            "min": 1.0,
            "max": 1.0,
            "count": 3
        }
    },
    "metadata": {
        "timer_format_version": "0.1.0",
        "start_time_seconds": "1705041897",
        "python_version": "3.8.18 (default, Sep 11 2023, 13:39:12) [MSC v.1916 64 bit (AMD64)]",
        "command_line_arguments": "C:\\Users\\jc\\anaconda3\\envs\\marie2\\Scripts\\mlagents-learn Assets/marienokob/train.yaml --run-id=0112-base8-base7-test1 --resume",
        "mlagents_version": "0.30.0",
        "mlagents_envs_version": "0.30.0",
        "communication_protocol_version": "1.5.0",
        "pytorch_version": "2.1.1",
        "numpy_version": "1.21.2",
        "end_time_seconds": "1705042173"
    },
    "total": 275.569055,
    "count": 1,
    "self": 0.005082999999956428,
    "children": {
        "run_training.setup": {
            "total": 0.06198690000000018,
            "count": 1,
            "self": 0.06198690000000018
        },
        "TrainerController.start_learning": {
            "total": 275.5019851,
            "count": 1,
            "self": 0.21528570000202762,
            "children": {
                "TrainerController._reset_env": {
                    "total": 8.0555681,
                    "count": 1,
                    "self": 8.0555681
                },
                "TrainerController.advance": {
                    "total": 267.15889339999796,
                    "count": 14168,
                    "self": 0.16780450000112523,
                    "children": {
                        "env_step": {
                            "total": 252.43766649999966,
                            "count": 14168,
                            "self": 237.20578850000035,
                            "children": {
                                "SubprocessEnvManager._take_step": {
                                    "total": 15.114965199999446,
                                    "count": 14168,
                                    "self": 0.32708700000037183,
                                    "children": {
                                        "TorchPolicy.evaluate": {
                                            "total": 14.787878199999074,
                                            "count": 7084,
                                            "self": 14.787878199999074
                                        }
                                    }
                                },
                                "workers": {
                                    "total": 0.11691279999985582,
                                    "count": 14167,
                                    "self": 0.0,
                                    "children": {
                                        "worker_root": {
                                            "total": 205.4522395999994,
                                            "count": 14167,
                                            "is_parallel": true,
                                            "self": 38.81746440000006,
                                            "children": {
                                                "steps_from_proto": {
                                                    "total": 0.00028909999999982006,
                                                    "count": 1,
                                                    "is_parallel": true,
                                                    "self": 0.00012180000000050484,