{"count":1,"self":884.029952,"total":1275.9097505,"children":{"InitializeActuators":{"count":1,"self":0.0016409999999999999,"total":0.0016409999999999999,"children":null},"InitializeSensors":{"count":1,"self":0.0010822,"total":0.0010822,"children":null},"AgentSendState":{"count":208501,"self":0.6229473,"total":4.8428582,"children":{"CollectObservations":{"count":41701,"self":2.20808,"total":2.20808,"children":null},"WriteActionMask":{"count":41701,"self":0.0447642,"total":0.0447642,"children":null},"RequestDecision":{"count":41701,"self":0.1707149,"total":1.9670667,"children":{"AgentInfo.ToProto":{"count":41701,"self":0.16277319999999998,"total":1.7963517999999998,"children":{"GenerateSensorData":{"count":41701,"self":1.6335785999999999,"total":1.6335785999999999,"children":null}}}}}}},"DecideAction":{"count":208501,"self":338.4415744,"total":338.4415621,"children":null},"AgentAct":{"count":208501,"self":48.2496928,"total":48.5926581,"children":{"AgentInfo.ToProto":{"count":10561,"self":0.0328867,"total":0.34296679999999996,"children":{"GenerateSensorData":{"count":10561,"self":0.31008009999999997,"total":0.31008009999999997,"children":null}}}}}},"gauges":{"Marienoko.CumulativeReward":{"count":10561,"max":5.50001144,"min":0,"runningAverage":1.11393654,"value":1,"weightedAverage":0.8103025}},"metadata":{"timer_format_version":"0.1.0","start_time_seconds":"1705027320","unity_version":"2022.3.15f1","command_line_arguments":"C:\\Program Files\\Unity\\Hub\\Editor\\2022.3.15f1\\Editor\\Unity.exe -projectpath C:\\Users\\jc\\0112-base8 -useHub -hubIPC -cloudEnvironment production -licensingIpc LicenseClient-jc -hubSessionId 20188e30-0b5e-40c3-b761-b0e4f5521d84 -accessToken r0i1UBKcOaPYZciA0ARGg5cXawvbtOCFSduocKK4sS000ef","communication_protocol_version":"1.5.0","com.unity.ml-agents_version":"2.0.1","scene_name":"base6","end_time_seconds":"1705028596"}}