{"count":1,"self":111.42076159999999,"total":200.7370559,"children":{"InitializeActuators":{"count":1,"self":0.0009968,"total":0.0009968,"children":null},"InitializeSensors":{"count":1,"self":0.0010046999999999999,"total":0.0010046999999999999,"children":null},"AgentSendState":{"count":54917,"self":0.1072578,"total":0.9915073,"children":{"CollectObservations":{"count":10984,"self":0.40154809999999996,"total":0.40154809999999996,"children":null},"WriteActionMask":{"count":10984,"self":0.0040113,"total":0.0040113,"children":null},"RequestDecision":{"count":10984,"self":0.039598299999999996,"total":0.47869009999999995,"children":{"AgentInfo.ToProto":{"count":10984,"self":0.0339893,"total":0.4390918,"children":{"GenerateSensorData":{"count":10984,"self":0.4051025,"total":0.4051025,"children":null}}}}}}},"DecideAction":{"count":54917,"self":79.9145216,"total":79.9145242,"children":null},"AgentAct":{"count":54917,"self":8.232216,"total":8.408267,"children":{"AgentInfo.ToProto":{"count":4130,"self":0.0124928,"total":0.17605079999999998,"children":{"GenerateSensorData":{"count":4130,"self":0.16355799999999998,"total":0.16355799999999998,"children":null}}}}}},"gauges":{"Marienoko.CumulativeReward":{"count":4130,"max":26.9000587,"min":0.200000018,"runningAverage":1.32963824,"value":0.3,"weightedAverage":1.81228971}},"metadata":{"timer_format_version":"0.1.0","start_time_seconds":"1705294525","unity_version":"2022.3.15f1","command_line_arguments":"C:\\Program Files\\Unity\\Hub\\Editor\\2022.3.15f1\\Editor\\Unity.exe -projectpath C:\\Users\\jc\\0112-base9 -useHub -hubIPC -cloudEnvironment production -licensingIpc LicenseClient-jc -hubSessionId 0ab0a793-5b31-4855-818e-c878b23d6863 -accessToken hKMzaVtgWOdGN1vbto_QRuh2-niWaFrzlTRdSlKNq0o00ef","communication_protocol_version":"1.5.0","com.unity.ml-agents_version":"2.0.1","scene_name":"base8","end_time_seconds":"1705294726"}}