{"count":1,"self":266.923904,"total":403.6590443,"children":{"InitializeActuators":{"count":1,"self":0.0010845,"total":0.0010845,"children":null},"InitializeSensors":{"count":1,"self":0.0005938,"total":0.0005938,"children":null},"AgentSendState":{"count":82217,"self":0.075218,"total":1.0733651,"children":{"CollectObservations":{"count":16444,"self":0.52987509999999993,"total":0.52987509999999993,"children":null},"WriteActionMask":{"count":16444,"self":0.010404,"total":0.010404,"children":null},"RequestDecision":{"count":16444,"self":0.040668499999999996,"total":0.457868,"children":{"AgentInfo.ToProto":{"count":16444,"self":0.0293035,"total":0.4171995,"children":{"GenerateSensorData":{"count":16444,"self":0.38789599999999996,"total":0.38789599999999996,"children":null}}}}}}},"DecideAction":{"count":82217,"self":128.25533439999998,"total":128.25533479999999,"children":null},"AgentAct":{"count":82217,"self":6.99412,"total":7.4047683,"children":{"AgentInfo.ToProto":{"count":16444,"self":0.043705299999999996,"total":0.41064829999999997,"children":{"GenerateSensorData":{"count":16444,"self":0.36694299999999996,"total":0.36694299999999996,"children":null}}}}}},"gauges":{"Marienoko.CumulativeReward":{"count":16444,"max":20.2000256,"min":1,"runningAverage":1.05956113,"value":4.79999828,"weightedAverage":3.19687414}},"metadata":{"timer_format_version":"0.1.0","start_time_seconds":"1705047370","unity_version":"2022.3.15f1","command_line_arguments":"C:\\Program Files\\Unity\\Hub\\Editor\\2022.3.15f1\\Editor\\Unity.exe -projectpath C:\\Users\\jc\\0112-base8 -useHub -hubIPC -cloudEnvironment production -licensingIpc LicenseClient-jc -hubSessionId 20188e30-0b5e-40c3-b761-b0e4f5521d84 -accessToken IeuIJSAiBJTZhi_5G7MfgOZZ6dAitQBuZfR7Ub1WwKY00ef","communication_protocol_version":"1.5.0","com.unity.ml-agents_version":"2.0.1","scene_name":"base7","end_time_seconds":"1705047773"}}